team,year,class,hex_color
Peugeot MC Saxoprint,2017,moto3,#192594
Marinelli Rivacold Snipers,2017,moto3,#4682B4
AGR Team,2017,moto3,#DC143C
SIC Racing Team,2017,moto3,#192594
SKY Racing Team VR46,2017,moto3,#95A003
Leopard Racing,2017,moto3,#228B8B
CIP,2017,moto3,#047504
SIC58 Squadra Corse,2017,moto3,#FF1493
Platinum Bay Real Estate,2017,moto3,#192594
British Talent Team,2017,moto3,#192594
RBA BOE Racing Team,2017,moto3,#125A12
Del Conca Gresini Moto3,2017,moto3,#4169E1
Red Bull KTM Ajo,2017,moto3,#FF6600
Honda Team Asia,2017,moto3,#FF4500
"Estrella Galicia 0,0",2017,moto3,#FFD700
Aspar Mahindra Moto3,2017,moto3,#DC143C
Althea Racing,2017,moto3,#192594
Minimoto Portomaggiore,2017,moto3,#192594
Südmetall Schedl GP Racing,2017,moto3,#192594
Reale Avintia Academy,2017,moto3,#2F4F4F
42 Motorsport,2017,moto3,#192594
Mahindra MRW Aspar Team,2017,moto3,#DC143C
MH6 Team,2017,moto3,#192594
Sky Junior Team VR46 Academy,2017,moto3,#95A003
Asia Talent Team,2017,moto3,#192594
Motomex Team Moto3,2017,moto3,#192594
Freudenberg Racing Team,2017,moto3,#192594
City Lifting/RS Racing,2017,moto3,#192594
Petronas Sprinta Racing,2017,moto3,#0059FF
Lamotec Lagemaat Racing,2017,moto3,#192594
Mahindra Gaviota Aspar,2017,moto3,#DC143C
3570-MTA,2017,moto3,#192594
Cube Racing,2017,moto3,#192594
Motorsport Kofler E.U.,2017,moto3,#192594
Junior Team VR46 Riders Academy,2017,moto3,#95A003
Cuna de Campeones,2017,moto3,#192594
Honda Team Asia,2024,moto3,#FF4500
MT Helmets - MSI,2024,moto3,#000000
SIC58 Squadra Corse,2024,moto3,#FF1493
LEVELUP - MTA,2024,moto3,#192594
Red Bull GASGAS Tech3,2024,moto3,#B8500A
Kopron Rivacold Snipers Team,2024,moto3,#4682B4
FleetSafe Honda - MLav Racing,2024,moto3,#FF4500
Liqui Moly Husqvarna Intact GP,2024,moto3,#D1002D
Leopard Racing,2024,moto3,#228B8B
CIP Green Power,2024,moto3,#047504
BOE Motorsports,2024,moto3,#125A12
CFMOTO Gaviota Aspar Team,2024,moto3,#DC143C
Red Bull KTM Ajo,2024,moto3,#FF6600
MLav Racing,2024,moto3,#192594
Rivacold Snipers Team,2024,moto3,#4682B4
CFMOTO Valresa Aspar Team,2024,moto3,#DC143C
Fibre Tec Honda - MLav Racing,2024,moto3,#FF4500
CFMOTO Aspar Team,2024,moto3,#DC143C
CIP-Unicom Starker,2016,moto3,#047504
Gresini Racing Moto3,2016,moto3,#4169E1
MH6 Team,2016,moto3,#192594
Drive M7 SIC Racing Team,2016,moto3,#192594
SKY Racing Team VR46,2016,moto3,#95A003
"Estrella Galicia 0,0",2016,moto3,#FFD700
RW Racing GP BV,2016,moto3,#4169E1
Peugeot MC Saxoprint,2016,moto3,#192594
RBA Racing Team,2016,moto3,#192594
Leopard Racing,2016,moto3,#228B8B
Gaviota Mahindra ASPAR,2016,moto3,#8B0000
Ongetta-Rivacold,2016,moto3,#4682B4
Platinum Bay Real Estate,2016,moto3,#192594
Red Bull KTM Ajo,2016,moto3,#FF6600
3570 Team Italia,2016,moto3,#192594
Mahindra Racing,2016,moto3,#8B0000
Schedl GP Racing,2016,moto3,#192594
Minimoto Portomaggiore,2016,moto3,#192594
Honda Team Asia,2016,moto3,#FF4500
MRW Mahindra Aspar Team,2016,moto3,#DC143C
ASPAR Mahindra Team Moto3,2016,moto3,#8B0000
Procercasa - 42 Motorsport,2016,moto3,#192594
MH6 Laglisse,2016,moto3,#192594
Pull & Bear Aspar Mahindra Team,2016,moto3,#DC143C
GA Competicion,2016,moto3,#192594
Freundenberg Racing Team,2016,moto3,#192594
Pull & Bear ASPAR Mahindra Team,2016,moto3,#8B0000
Freudenberg Racing Team,2016,moto3,#192594
KRM-RZT,2016,moto3,#192594
Suus Honda FTR,2016,moto3,#FF4500
UQ & TELURU KOHARA RT,2016,moto3,#192594
41 Planning IodaRacing Japan,2016,moto3,#9932CC
Motomex Team Worldwide Race,2016,moto3,#192594
Honda Team Asia,2025,moto3,#FF4500
FRINSA - MT Helmets - MSI,2025,moto3,#000000
GRYD - Mlav Racing,2025,moto3,#192594
Rivacold Snipers Team,2025,moto3,#4682B4
Red Bull KTM Tech3,2025,moto3,#B8500A
DENSSI Racing - BOE,2025,moto3,#125A12
LEVELUP-MTA,2025,moto3,#192594
CIP Green Power,2025,moto3,#047504
Leopard Racing,2025,moto3,#228B8B
CFMOTO Valresa Aspar Team,2025,moto3,#DC143C
SIC58 Squadra Corse,2025,moto3,#FF1493
LIQUI MOLY Dynavolt Intact GP,2025,moto3,#D1002D
Red Bull KTM Ajo,2025,moto3,#FF6600
CFMOTO Gaviota Aspar Team,2025,moto3,#DC143C
Angeluss - Mlav Racing,2025,moto3,#192594
Liqui Moly Dynavolt Intact GP,2025,moto3,#D1002D
CFMOTO Viel Aspar Team,2025,moto3,#DC143C
Ioda Team Italia,2012,moto3,#192594
Team Italia FMI,2012,moto3,#192594
JHK t-shirt Laglisse,2012,moto3,#192594
Caretta Technology,2012,moto3,#192594
Racing Team Germany,2012,moto3,#192594
Red Bull KTM Ajo,2012,moto3,#FF6600
Ambrogio Next Racing,2012,moto3,#192594
Mahindra Racing,2012,moto3,#8B0000
Andalucia JHK t-shirt Laglisse,2012,moto3,#192594
Blusens Avintia,2012,moto3,#2F4F4F
San Carlo Gresini Moto3,2012,moto3,#4169E1
Ongetta-Centro Seta,2012,moto3,#192594
TT Motion Events Racing,2012,moto3,#192594
Team Imperiali Racing,2012,moto3,#192594
RW Racing GP,2012,moto3,#4169E1
"Estrella Galicia 0,0",2012,moto3,#FFD700
Technomag-CIP-TSR,2012,moto3,#047504
Moto FGR,2012,moto3,#192594
Mapfre Aspar Team Moto3,2012,moto3,#DC143C
AirAsia-Sic-Ajo,2012,moto3,#192594
Elle 2-Ciatti,2012,moto3,#192594
IodaRacing Project,2012,moto3,#9932CC
Redox-Ongetta-Centro Seta,2012,moto3,#192594
JHK T-Shirt Laglisse,2012,moto3,#192594
Cresto Guide MZ Racing,2012,moto3,#192594
Racing Steps Foundation KRP,2012,moto3,#192594
Andalucia JHK Laglisse,2012,moto3,#192594
Bankia Aspar Team,2012,moto3,#DC143C
Wild Wolf BST,2012,moto3,#192594
HP Moto Kalex,2012,moto3,#192594
MZ Racing,2012,moto3,#192594
Freudenberg Racing Team,2012,moto3,#192594
JHK Laglisse,2012,moto3,#192594
Thomas Sabo GP Team,2012,moto3,#192594
Elba-Caretta Technology,2012,moto3,#192594
Estrella Galicia 0'0,2012,moto3,#FFD700
Dutch Racing Team,2012,moto3,#192594
MIR Racing,2012,moto3,#192594
Racing Team Gabrielli,2012,moto3,#192594
Elle 2 Ciatti,2012,moto3,#192594
Fastline GP Racing,2012,moto3,#192594
K1 Racing,2012,moto3,#192594
Project U 7C Harc,2012,moto3,#192594
18 Garage Racing Team,2012,moto3,#192594
Repsol Honda Team,2012,moto3,#FF4500
Monster Yamaha Tech 3,2012,moto3,#0066CC
NGM Mobile Forward Racing,2012,moto3,#4169E1
LCR Honda MotoGP,2012,moto3,#8B8684
Pramac Racing Team,2012,moto3,#F700FF
Came IodaRacing Project,2012,moto3,#9932CC
Yamaha Factory Racing,2012,moto3,#0066CC
Power Electronics Aspar,2012,moto3,#DC143C
Attack Performance,2012,moto3,#FF4500
Cardion AB Motoracing,2012,moto3,#008B8B
San Carlo Honda Gresini,2012,moto3,#FF4500
Avintia Blusens,2012,moto3,#2F4F4F
Ducati Team,2012,moto3,#DC143C
Speed Master,2012,moto3,#192594
Paul Bird Motorsport,2012,moto3,#696969
Bradol Larresport,2012,moto3,#192594
Indonesian Racing Gresini Moto3,2021,moto3,#4169E1
Red Bull KTM Ajo,2021,moto3,#FF6600
CarXpert PruestelGP,2021,moto3,#192594
Leopard Racing,2021,moto3,#228B8B
GAVIOTA GASGAS Aspar Team,2021,moto3,#B8500A
Rivacold Snipers Team,2021,moto3,#4682B4
Petronas Sprinta Racing,2021,moto3,#0059FF
Bardahl VR46 Riders Academy,2021,moto3,#95A003
Honda Team Asia,2021,moto3,#FF4500
SIC58 Squadra Corse,2021,moto3,#FF1493
Avintia VR46 Academy,2021,moto3,#95A003
CIP Green Power,2021,moto3,#047504
Sterilgarda Max Racing Team,2021,moto3,#192594
Red Bull KTM Tech 3,2021,moto3,#B8500A
BOE Owlride,2021,moto3,#125A12
Avintia Esponsorama Moto3,2021,moto3,#2F4F4F
Solunion GASGAS Aspar Team,2021,moto3,#B8500A
Valresa GASGAS Aspar Team,2021,moto3,#B8500A
MUCHONEUMATICO GASGAS Aspar,2021,moto3,#B8500A
GASGAS Valresa Aspar Team,2021,moto3,#B8500A
Gaviota GASGAS Aspar Team,2021,moto3,#B8500A
GasGas Gaviota Aspar GAS,2021,moto3,#DC143C
Leopard Impala Junior Team,2021,moto3,#228B8B
Team Bardahl VR46 Riders Academy,2021,moto3,#95A003
Santander Consumer Bank GASGAS,2021,moto3,#B8500A
Avintia VR46,2021,moto3,#95A003
SANTANDER Consumer GASGAS,2021,moto3,#B8500A
Kömmerling Gresini Moto3,2020,moto3,#4169E1
Leopard Racing,2020,moto3,#228B8B
"Estrella Galicia 0,0",2020,moto3,#FFD700
BOE Skull Rider Facile Energy,2020,moto3,#125A12
Rivacold Snipers Team,2020,moto3,#4682B4
SKY Racing Team VR46,2020,moto3,#95A003
Petronas Sprinta Racing,2020,moto3,#0059FF
Sterilgarda Max Racing Team,2020,moto3,#192594
SIC58 Squadra Corse,2020,moto3,#FF1493
Red Bull KTM Ajo,2020,moto3,#FF6600
CIP Green Power,2020,moto3,#047504
CarXpert PruestelGP,2020,moto3,#192594
Red Bull KTM Tech 3,2020,moto3,#B8500A
Pull&Bear Aspar Team Moto3,2020,moto3,#DC143C
Honda Team Asia,2020,moto3,#FF4500
Reale Avintia Moto3,2020,moto3,#2F4F4F
Gaviota Aspar Team Moto3,2020,moto3,#DC143C
Reale Avintia Racing,2020,moto3,#2F4F4F
Valresa Aspar Team Moto3,2020,moto3,#DC143C
Gaviota Aspar Team,2020,moto3,#DC143C
Solunion Aspar Team Moto3,2020,moto3,#DC143C
CarXpert PruestlGP,2020,moto3,#192594
Aspar Team Gaviota,2020,moto3,#DC143C
Valresa Aspar Team,2020,moto3,#DC143C
Kiefer Racing,2014,moto3,#800080
San Carlo Team Italia,2014,moto3,#192594
SKY Racing Team VR46,2014,moto3,#95A003
SaxoPrint-RTG,2014,moto3,#192594
Red Bull KTM Ajo,2014,moto3,#FF6600
RW Racing GP,2014,moto3,#4169E1
Ongetta-Rivacold,2014,moto3,#4682B4
"Estrella Galicia 0,0",2014,moto3,#FFD700
Mahindra Racing,2014,moto3,#8B0000
Junior Team GO&FUN Moto3,2014,moto3,#192594
Avant Tecno Husqvarna Ajo,2014,moto3,#192594
Calvo Team,2014,moto3,#192594
SIC-AJO,2014,moto3,#192594
Ambrogio Racing,2014,moto3,#192594
Red Bull Husqvarna Ajo,2014,moto3,#192594
Mapfre Aspar Team Moto3,2014,moto3,#DC143C
Ongetta-AirAsia,2014,moto3,#192594
Interwetten Paddock Moto3,2014,moto3,#FF8C00
Team Ciatti,2014,moto3,#192594
RBA Racing Team,2014,moto3,#192594
Marc VDS Racing Team,2014,moto3,#FFD700
Junior Team Estrella Galicia 0,2014,moto3,#FFD700
Calvo Team Laglisse,2014,moto3,#192594
KRP Abbink Racing,2014,moto3,#192594
Redline Motorcycles/KTM UK,2014,moto3,#FF6600
Petronas AHM Malaysia,2014,moto3,#0059FF
Fai Rent-A-Jet,2014,moto3,#192594
SaxoPrint RTG,2014,moto3,#192594
Junior Team Go&FUN Moto3,2014,moto3,#192594
71Workx.com Racing Team,2014,moto3,#192594
MT Racing Honda,2014,moto3,#FF4500
Pos Corse,2014,moto3,#192594
Team Laglisse Calvo,2014,moto3,#192594
Olly Simpson Racing,2014,moto3,#192594
Liberto Plusone & Endurance,2014,moto3,#192594
Hot Racing with I-Factory,2014,moto3,#192594
Honda Team Asia,2014,moto3,#FF4500
Team RMS,2014,moto3,#192594
TM Racing Factory 3570 MTA TM,2018,moto3,#192594
Bester Capital Dubai,2018,moto3,#192594
Petronas Sprinta Racing,2018,moto3,#0059FF
SKY Racing Team VR46,2018,moto3,#95A003
Redox PruestelGP,2018,moto3,#192594
Marinelli Snipers Team,2018,moto3,#4682B4
Angel Nieto Team Moto3,2018,moto3,#192594
CIP - Green Power,2018,moto3,#047504
RBA BOE Skull Rider,2018,moto3,#125A12
Del Conca Gresini Moto3,2018,moto3,#4169E1
SIC58 Squadra Corse,2018,moto3,#FF1493
Honda Team Asia,2018,moto3,#FF4500
Leopard Racing,2018,moto3,#228B8B
Red Bull KTM Ajo,2018,moto3,#FF6600
"Estrella Galicia 0,0",2018,moto3,#FFD700
Sudmetal Schedl GP Racing,2018,moto3,#192594
Reale Avintia Academy 77,2018,moto3,#2F4F4F
Reale Avintia Academy,2018,moto3,#2F4F4F
Angel Nieto Team,2018,moto3,#192594
Asia Talent Team,2018,moto3,#192594
"Junior Team Estrella Galicia 0,0",2018,moto3,#FFD700
Cuna de Campeones Czech Talent,2018,moto3,#192594
City Lifting RS Racing,2018,moto3,#192594
VR46 Master Camp Team,2018,moto3,#95A003
AP Honda Racing Thailand,2018,moto3,#FF4500
Freudenberg Racing Team,2018,moto3,#192594
PruestlGP,2018,moto3,#192594
Lamotec Lagemaat Racing,2018,moto3,#192594
NRT Junior Team,2018,moto3,#192594
Leopard Junior Team,2018,moto3,#228B8B
Motosport Kofler,2018,moto3,#192594
Kohara Racing Team,2018,moto3,#192594
Team Plus One,2018,moto3,#192594
Ongetta-Centro Seta,2013,moto3,#192594
San Carlo Team Italia,2013,moto3,#192594
Mahindra Racing,2013,moto3,#8B0000
Caretta Technology - RTG,2013,moto3,#192594
Kiefer Racing,2013,moto3,#800080
Ongetta-Rivacold,2013,moto3,#4682B4
Marc VDS Racing Team,2013,moto3,#FFD700
"Estrella Galicia 0,0",2013,moto3,#FFD700
La Fonte Tascaracing,2013,moto3,#192594
Ambrogio Racing,2013,moto3,#192594
Team Calvo,2013,moto3,#192594
GO&FUN Gresini Moto3,2013,moto3,#4169E1
Avant Tecno,2013,moto3,#192594
Red Bull KTM Ajo,2013,moto3,#FF6600
RW Racing GP,2013,moto3,#4169E1
Mapfre Aspar Team Moto3,2013,moto3,#DC143C
CIP Moto3,2013,moto3,#047504
Tec Interwetten Moto3 Racing,2013,moto3,#FF8C00
Redox RW Racing GP,2013,moto3,#4169E1
San Carlo FMI Twelve Racing,2013,moto3,#192594
GMT Racing,2013,moto3,#192594
Thomas Sabo GP Team,2013,moto3,#192594
MIR Racing,2013,moto3,#192594
Cuna de Campeones,2013,moto3,#192594
Interwetten Paddock Moto3,2013,moto3,#FF8C00
Racing Steps Foundation KRP,2013,moto3,#192594
Touchline-SIC-AJO,2013,moto3,#192594
Mahindra Spiel-Kiste,2013,moto3,#8B0000
Bimbo-Ongetta-Centro Seta,2013,moto3,#192594
Paddock TT Motion Events,2013,moto3,#192594
Dutch Racing Team,2013,moto3,#192594
Racing Team Van Leeuwen,2013,moto3,#192594
Minimoto Portomaggiore,2013,moto3,#192594
Barker - McVey Racing,2013,moto3,#192594
Bullet Racing,2013,moto3,#192594
Team Plus One & Endurance,2013,moto3,#192594
Honda Team Asia,2013,moto3,#FF4500
Ducati Team,2013,moto3,#DC143C
NGM Mobile Forward Racing,2013,moto3,#4169E1
LCR Honda MotoGP,2013,moto3,#8B8684
Avintia Blusens,2013,moto3,#2F4F4F
Came IodaRacing Project,2013,moto3,#9932CC
Ignite Pramac Racing,2013,moto3,#F700FF
Power Electronics Aspar,2013,moto3,#DC143C
Cardion AB Motoracing,2013,moto3,#008B8B
GO&FUN Honda Gresini,2013,moto3,#FF4500
Repsol Honda Team,2013,moto3,#FF4500
Energy T.I. Pramac Racing,2013,moto3,#F700FF
Monster Yamaha Tech 3,2013,moto3,#0066CC
Yamaha Factory Racing,2013,moto3,#0066CC
Paul Bird Motorsport,2013,moto3,#696969
Attack Performance Racing,2013,moto3,#FF4500
Junior Team Estrella Galicia 0,2013,moto3,#FFD700
Leopard Racing,2023,moto3,#228B8B
Gaviota GASGAS Aspar Team,2023,moto3,#B8500A
Red Bull KTM Tech3,2023,moto3,#B8500A
MT Helmets - MSI,2023,moto3,#000000
Rivacold Snipers Team,2023,moto3,#4682B4
VisionTrack Racing Team,2023,moto3,#192594
CIP Green Power,2023,moto3,#047504
BOE Motorsports,2023,moto3,#125A12
SIC58 Squadra Corse,2023,moto3,#FF1493
CFMOTO Racing PruestelGP,2023,moto3,#DC143C
Angeluss MTA Team,2023,moto3,#192594
Red Bull KTM Ajo,2023,moto3,#FF6600
Honda Team Asia,2023,moto3,#FF4500
Liqui Moly Husqvarna Intact GP,2023,moto3,#D1002D
Finetwork Intact GP,2023,moto3,#D1002D
Gaviota GASGAS Aspar M3,2023,moto3,#B8500A
Valresa GASGAS Aspar Team,2023,moto3,#B8500A
Yamaha Thailand Racing - BOE,2023,moto3,#0066CC
Autosolar GASGAS Aspar M3,2023,moto3,#B8500A
CFMoto Racing PruestelGP,2023,moto3,#192594
Valresa GASGAS Aspar M3,2023,moto3,#B8500A
GASGAS Aspar Team,2023,moto3,#B8500A
Petronas MIE/MLav Racing,2023,moto3,#0059FF
WWR,2019,moto3,#192594
SKY Racing Team VR46,2019,moto3,#95A003
"Estrella Galicia 0,0",2019,moto3,#FFD700
Redox PruestelGP,2019,moto3,#192594
VNE Snipers,2019,moto3,#4682B4
Petronas Sprinta Racing,2019,moto3,#0059FF
Kömmerling Gresini Moto3,2019,moto3,#4169E1
Sky Junior Team VR46,2019,moto3,#95A003
BOE Skull Rider Mugen Race,2019,moto3,#125A12
SIC58 Squadra Corse,2019,moto3,#FF1493
Sama Qatar Angel Nieto Team,2019,moto3,#192594
Honda Team Asia,2019,moto3,#FF4500
CIP Green Power,2019,moto3,#047504
Leopard Racing,2019,moto3,#228B8B
Sterilgarda Max Racing Team,2019,moto3,#192594
Red Bull KTM Ajo,2019,moto3,#FF6600
Reale Avintia Arizona 77,2019,moto3,#2F4F4F
Fundacion Andreas Perez 77,2019,moto3,#192594
Bester Capital Dubai,2019,moto3,#192594
Fundacion Andres Perez 77,2019,moto3,#192594
Leopard Impala Junior Team,2019,moto3,#228B8B
Mugen Race,2019,moto3,#192594
Valresa Angel Nieto Team,2019,moto3,#192594
Asia Talent Team,2019,moto3,#192594
FPW Racing,2019,moto3,#192594
Gaviota Angel Nieto Team,2019,moto3,#192594
Kiefer Racing,2019,moto3,#800080
Snipers Team,2019,moto3,#4682B4
Kommerling Gresini Moto3,2019,moto3,#4169E1
Qnium Racing,2019,moto3,#192594
RGR TM Official Team,2019,moto3,#192594
Double Six Motor Sport KALEX,2019,moto3,#192594
Team Anija Club Y's,2019,moto3,#192594
Baiko Racing Team,2019,moto3,#192594
Vine Snipers Team,2019,moto3,#4682B4
Red Bull KTM Ajo,2022,moto3,#FF6600
MT Helmets - MSI,2022,moto3,#000000
Leopard Racing,2022,moto3,#228B8B
QJMotor Avintia Racing Team,2022,moto3,#2F4F4F
Gaviota GASGAS Aspar Team,2022,moto3,#B8500A
Rivacold Snipers Team,2022,moto3,#4682B4
Sterilgarda Husqvarna Max,2022,moto3,#192594
VisionTrack Racing Team,2022,moto3,#192594
SIC58 Squadra Corse,2022,moto3,#FF1493
BOE Motorsports,2022,moto3,#125A12
CIP Green Power,2022,moto3,#047504
Red Bull KTM Tech3,2022,moto3,#B8500A
CFMOTO Racing PruestelGP,2022,moto3,#DC143C
Angeluss MTA Team,2022,moto3,#192594
Honda Team Asia,2022,moto3,#FF4500
Valresa GASGAS Aspar Team,2022,moto3,#B8500A
BOE SKX,2022,moto3,#125A12
GASGAS Aspar Team,2022,moto3,#B8500A
Finetwork Team BOE Motorsports,2022,moto3,#125A12
CFMoto Racing PruestelGP,2022,moto3,#192594
AutoSolar GASGAS Aspar Team,2022,moto3,#B8500A
Autosolar GASGAS Aspar Team,2022,moto3,#B8500A
Solunion GASGAS Aspar Team,2022,moto3,#B8500A
SKY Racing Team VR46,2015,moto3,#95A003
Husqvarna Factory Laglisse,2015,moto3,#192594
Leopard Racing,2015,moto3,#228B8B
"Estrella Galicia 0,0",2015,moto3,#FFD700
SAXOPRINT RTG,2015,moto3,#192594
RW Racing GP,2015,moto3,#4169E1
San Carlo Team Italia,2015,moto3,#192594
Outox Reset Drink Team,2015,moto3,#192594
MAPFRE Team MAHINDRA,2015,moto3,#192594
RBA Racing Team,2015,moto3,#192594
Ongetta-Rivacold,2015,moto3,#4682B4
Gresini Racing Team Moto3,2015,moto3,#4169E1
Red Bull KTM Ajo,2015,moto3,#FF6600
Drive M7 SIC,2015,moto3,#192594
Schedl GP Racing,2015,moto3,#192594
Turvital di Vitali Ordeo,2015,moto3,#192594
Team Hanusch,2015,moto3,#192594
SAXOPRINT-RTG,2015,moto3,#192594
FPW Racing,2015,moto3,#192594
RS Racing,2015,moto3,#192594
Freudenberg Racing Team,2015,moto3,#192594
SaxoPrint RTG,2015,moto3,#192594
Minimoto Portmaggiore,2015,moto3,#192594
Pos Corse,2015,moto3,#192594
Suus Honda,2015,moto3,#FF4500
Olly Simpson Racing,2015,moto3,#192594
Musahi RT Harc-Pro,2015,moto3,#192594
Honda Team Asia,2015,moto3,#FF4500
Garage Plus Interwetten,2017,moto2,#FF8C00
Italtrans Racing Team,2017,moto2,#074907
Kiefer Racing,2017,moto2,#800080
Forward Racing Team,2017,moto2,#4169E1
Federal Oil Gresini Moto2,2017,moto2,#4169E1
Dynavolt Intact GP,2017,moto2,#D1002D
CarXpert Interwetten,2017,moto2,#FF8C00
Tasca Racing Scuderia Moto2,2017,moto2,#0000FF
AGR Team,2017,moto2,#DC143C
"EG 0,0 Marc VDS",2017,moto2,#FFD700
Forward Junior Team,2017,moto2,#4169E1
Speed Up Racing SPEED,2017,moto2,#DC143C
IDEMITSU Honda Team Asia,2017,moto2,#FF4500
BE-A-VIP SAG Team,2017,moto2,#FF8C00
Pons HP40,2017,moto2,#FF1493
Red Bull KTM Ajo,2017,moto2,#FF6600
SKY Racing Team VR46,2017,moto2,#95A003
Teluru SAG Team,2017,moto2,#FF8C00
RW Racing GP,2017,moto2,#4169E1
Petronas Raceline Malaysia,2017,moto2,#0059FF
Tech 3 Racing TECH,2017,moto2,#B8500A
Promoracing,2017,moto2,#0000FF
Willirace Team,2017,moto2,#0000FF
QMMF Racing SPEED,2017,moto2,#0000FF
SAG Team,2017,moto2,#FF8C00
Teluru MOTOBUM Racing Team,2017,moto2,#0000FF
MuSASHi RT HARC-RRO,2017,moto2,#0000FF
NTS,2017,moto2,#8A2BE2
MT Helmets - MSI,2024,moto2,#000000
Preicanos Racing Team,2024,moto2,#0000FF
RW-Idrofoglia Racing GP,2024,moto2,#0000FF
Italtrans Racing Team,2024,moto2,#074907
KLINT Forward Factory Team,2024,moto2,#4169E1
Elf Marc VDS Racing Team,2024,moto2,#FFD700
Red Bull KTM Ajo,2024,moto2,#FF6600
Liqui Moly Husqvarna Intact GP,2024,moto2,#D1002D
OnlyFans American Racing Team,2024,moto2,#B22222
QJMOTOR Gresini Moto2,2024,moto2,#4169E1
Team Ciatti Boscoscuro,2024,moto2,#0000FF
Fantic Racing,2024,moto2,#FF69B4
Beta Tools SpeedUp,2024,moto2,#DC143C
Yamaha VR46 Master Camp Team,2024,moto2,#0066CC
CFMOTO Inde Aspar Team,2024,moto2,#DC143C
IDEMITSU Honda Team Asia,2024,moto2,#FF4500
Pertamina Mandalika GAS UP Team,2024,moto2,#FF8C00
MB Conveyors SpeedUp,2024,moto2,#DC143C
CFMOTO Aspar Team,2024,moto2,#DC143C
Gresini Moto2,2024,moto2,#4169E1
Sync SpeedUp,2024,moto2,#DC143C
GT Trevisan SpeedUp,2024,moto2,#DC143C
CFMOTO RCB Aspar Team,2024,moto2,#DC143C
PETRONAS MIE Racing RW,2024,moto2,#0000FF
CFMOTO Polarcube Aspar Team,2024,moto2,#DC143C
Folladore SpeedUp,2024,moto2,#DC143C
CFMOTO Asterius Aspar Team,2024,moto2,#DC143C
Sports-Millions-EMWE-SAG,2016,moto2,#0000FF
Ajo Motorsport,2016,moto2,#0000FF
Forward Team,2016,moto2,#4169E1
Dynavolt Intact GP,2016,moto2,#D1002D
Garage Plus Interwetten,2016,moto2,#FF8C00
IDEMITSU Honda Team Asia,2016,moto2,#FF4500
QMMF Racing Team SPEED,2016,moto2,#0000FF
"Estrella Galicia 0,0 Marc VDS",2016,moto2,#FFD700
Federal Oil Gresini Moto2,2016,moto2,#4169E1
AGR Team,2016,moto2,#DC143C
Speed Up Racing SPEED,2016,moto2,#DC143C
CarXpert Interwetten,2016,moto2,#FF8C00
Tech 3 Racing TECH,2016,moto2,#B8500A
Paginas Amarillas HP 40,2016,moto2,#0000FF
Team Ciatti,2016,moto2,#0000FF
Leopard Racing,2016,moto2,#228B8B
Italtrans Racing Team,2016,moto2,#074907
Petronas Raceline Malaysia,2016,moto2,#0059FF
Tasca Racing Scuderia Moto2,2016,moto2,#0000FF
JPMoto Malaysia,2016,moto2,#0000FF
SAG Team,2016,moto2,#FF8C00
Petronas AHM Malaysia,2016,moto2,#0059FF
Promoto Sport,2016,moto2,#0000FF
Montaze Broz Racing Team,2016,moto2,#0000FF
"EG 0,0 Marc VDS",2016,moto2,#FFD700
Technomag Racing Interwetten,2016,moto2,#FF8C00
Ajo Motorsport Academy,2016,moto2,#0000FF
Japan-GP2,2016,moto2,#0000FF
Team Taro Plus One,2016,moto2,#0000FF
NTS T Pro Project,2016,moto2,#8A2BE2
QJMOTOR - FRINSA - MSI,2025,moto2,#000000
Fantic Racing Lino Sonego,2025,moto2,#FF69B4
KLINT Forward Factory Team,2025,moto2,#4169E1
Italtrans Racing Team,2025,moto2,#074907
ELF Marc VDS Racing Team,2025,moto2,#FFD700
Beta Tools SpeedRS Team,2025,moto2,#0000FF
BLU CRU Pramac Yamaha Moto2,2025,moto2,#0066CC
ITALJET Gresini Moto2,2025,moto2,#4169E1
Onlyfans American Racing Team,2025,moto2,#B22222
LIQUI MOLY Dynavolt Intact GP,2025,moto2,#D1002D
CFMOTO Gaviota Aspar Team,2025,moto2,#DC143C
Red Bull KTM Ajo,2025,moto2,#FF6600
Idemitsu Honda Team Asia,2025,moto2,#FF4500
RW - Idrofoglia Racing GP,2025,moto2,#0000FF
RW-Idrofoglia Racing GP,2025,moto2,#0000FF
Fantic Racing LINO SONEGO,2025,moto2,#FF69B4
Team HDR Heidrun,2025,moto2,#0000FF
American Racing Team,2025,moto2,#B22222
CFMOTO Inde Aspar Team,2025,moto2,#DC143C
Andifer ART,2025,moto2,#0000FF
Beta Tools - Boscoscuro,2025,moto2,#0000FF
OnlyFans American Racing Team,2025,moto2,#B22222
Liqui Moly Dynavolt Intact GP,2025,moto2,#D1002D
CFMOTO Power Electronics Aspar Team,2025,moto2,#DC143C
Sync SpeedRS Team,2025,moto2,#0000FF
AGR Team Fusport,2025,moto2,#DC143C
Fantic Racing Redemption,2025,moto2,#FF69B4
CFMOTO Impulse Aspar Team,2025,moto2,#DC143C
FAU55 Racing,2025,moto2,#0000FF
Folladore SpeedRS Team,2025,moto2,#0000FF
CFMOTO European Privilege Aspar Team,2025,moto2,#DC143C
Came IodaRacing Project,2012,moto2,#9932CC
GP Team Switzerland,2012,moto2,#0000FF
JIR Moto2,2012,moto2,#0000FF
Federal Oil Gresini Moto2,2012,moto2,#4169E1
SAG Team,2012,moto2,#FF8C00
Interwetten-Paddock,2012,moto2,#FF8C00
Thai Honda PTT Gresini Moto,2012,moto2,#FF4500
NGM Mobile Forward Racing,2012,moto2,#4169E1
Mapfre Aspar Team Moto2,2012,moto2,#DC143C
Tech 3 Racing,2012,moto2,#B8500A
S/Master Speed Up,2012,moto2,#DC143C
Desguaces La Torre SAG,2012,moto2,#0000FF
Speed Master,2012,moto2,#0000FF
Italtrans Racing Team,2012,moto2,#074907
Marc VDS Racing Team,2012,moto2,#FFD700
Pons 40 HP Tuenti,2012,moto2,#FF1493
Blusens Avintia,2012,moto2,#2F4F4F
Kiefer Racing,2012,moto2,#800080
Technomag-CIP,2012,moto2,#047504
QMMF Racing Team,2012,moto2,#0000FF
Arguiñano Racing Team,2012,moto2,#0000FF
Team CatalunyaCaixa Repsol,2012,moto2,#FF4500
Cresto Guide MZ Racing,2012,moto2,#0000FF
Mapfre Aspar Team,2012,moto2,#DC143C
Thai Honda Gresini Moto2,2012,moto2,#FF4500
TSR Galicia School,2012,moto2,#0000FF
Tuenti Movil HP 40,2012,moto2,#0000FF
Team Catalunya Caixa Repsol,2012,moto2,#FF4500
MZ Racing,2012,moto2,#0000FF
Andreozzi Reparto Corse,2012,moto2,#0000FF
Petronas Raceline Malaysia,2012,moto2,#0059FF
Repsol,2012,moto2,#FF4500
Repsol Honda Team,2012,moto2,#FF4500
Monster Yamaha Tech 3,2012,moto2,#0066CC
LCR Honda MotoGP,2012,moto2,#8B8684
Pramac Racing Team,2012,moto2,#F700FF
Yamaha Factory Racing,2012,moto2,#0066CC
Power Electronics Aspar,2012,moto2,#DC143C
Attack Performance,2012,moto2,#FF4500
Cardion AB Motoracing,2012,moto2,#008B8B
San Carlo Honda Gresini,2012,moto2,#FF4500
Avintia Blusens,2012,moto2,#2F4F4F
Ducati Team,2012,moto2,#DC143C
Paul Bird Motorsport,2012,moto2,#696969
Motorsport,2012,moto2,#0000FF
+EGO Speed Up,2021,moto2,#DC143C
American Racing,2021,moto2,#B22222
MV Agusta Forward Racing MV,2021,moto2,#4169E1
Federal Oil Gresini Moto2,2021,moto2,#4169E1
Pertamina Mandalika SAG Team,2021,moto2,#FF8C00
SKY Racing Team VR46,2021,moto2,#95A003
Liqui Moly Intact GP,2021,moto2,#D1002D
Italtrans Racing Team,2021,moto2,#074907
Elf Marc VDS Racing Team,2021,moto2,#FFD700
Red Bull KTM Ajo,2021,moto2,#FF6600
IDEMITSU Honda Team Asia,2021,moto2,#FF4500
Flexbox HP40,2021,moto2,#0000FF
Inde Aspar Team,2021,moto2,#DC143C
NTS RW Racing GP,2021,moto2,#4169E1
Petronas Sprinta Racing,2021,moto2,#0059FF
MB Conveyors Speed Up,2021,moto2,#DC143C
Pertamina Mandalika SAG Euvic,2021,moto2,#FF8C00
VR46 Master Camp Team,2021,moto2,#95A003
Lightech Speed Up,2021,moto2,#DC143C
Termozeta Speed Up,2021,moto2,#DC143C
Kipin Energy Aspar Team,2021,moto2,#DC143C
QUIEROCORREDOR Aspar Team,2021,moto2,#DC143C
Solunion Aspar Team,2021,moto2,#DC143C
Aspar Team Moto2,2021,moto2,#DC143C
Pertamina Mandalika SAG Teluru,2021,moto2,#FF8C00
Cerba Promoracing Team,2021,moto2,#0000FF
NTS RW Racing GP,2020,moto2,#4169E1
Flexbox HP 40,2020,moto2,#0000FF
+EGO Speed Up SPEED,2020,moto2,#DC143C
SKY Racing Team VR46,2020,moto2,#95A003
Federal Oil Gresini Moto2,2020,moto2,#4169E1
Liqui Moly Intact GP,2020,moto2,#D1002D
Tennor American Racing,2020,moto2,#B22222
Italtrans Racing Team,2020,moto2,#074907
"EG 0,0 Marc VDS",2020,moto2,#FFD700
MV Agusta Forward Racing MV,2020,moto2,#4169E1
IDEMITSU Honda Team Asia,2020,moto2,#FF4500
Oceanica Aspar Team Moto2 SPEED,2020,moto2,#DC143C
Red Bull KTM Ajo,2020,moto2,#FF6600
Onexox TKKR SAG Team,2020,moto2,#FF8C00
Petronas Sprinta Racing,2020,moto2,#0059FF
HDR Heidrun Speed Up SPEED,2020,moto2,#DC143C
Inde Aspar Team Moto2 SPEED,2020,moto2,#DC143C
MB Conveyors Speed Up SPEED,2020,moto2,#DC143C
Openbank Aspar Team SPEED,2020,moto2,#DC143C
Kipin Energy Aspar Team Moto2 SPEED,2020,moto2,#DC143C
BETA Tools Speed Up SPEED,2020,moto2,#DC143C
Pull&Bear Aspar Team Moto2 SPEED,2020,moto2,#DC143C
Beta Tools Speed Up SPEED,2020,moto2,#DC143C
American Racing,2020,moto2,#B22222
Aspar Team SPEED,2020,moto2,#DC143C
+ EGO Speed Up SPEED,2020,moto2,#DC143C
Inde Aspar Team SPEED,2020,moto2,#DC143C
Openbank Aspar Team Moto2 SPEED,2020,moto2,#DC143C
Termozeta Speed Up SPEED,2020,moto2,#DC143C
NGM Forward Racing,2014,moto2,#4169E1
Octo IodaRacing Team,2014,moto2,#9932CC
AirAsia Caterham,2014,moto2,#0000FF
Gresini Moto2,2014,moto2,#4169E1
AGT REA Racing,2014,moto2,#0000FF
APH PTT The Pizza SAG,2014,moto2,#0000FF
Dynavolt Intact GP,2014,moto2,#D1002D
Interwetten Paddock Moto2,2014,moto2,#FF8C00
Mapfre Aspar Team Moto2,2014,moto2,#DC143C
Federal Oil Gresini Moto2,2014,moto2,#4169E1
Italtrans Racing Team,2014,moto2,#074907
Speed Up,2014,moto2,#DC143C
Tech 3,2014,moto2,#B8500A
IDEMITSU Honda Team Asia,2014,moto2,#FF4500
Ciatti,2014,moto2,#0000FF
Marc VDS Racing Team,2014,moto2,#FFD700
Paginas Amarillas HP 40,2014,moto2,#0000FF
Teluru Team JiR Webike,2014,moto2,#0000FF
AGR Team,2014,moto2,#DC143C
Petronas Raceline Malaysia,2014,moto2,#0059FF
Montaze Broz Racing Team,2014,moto2,#0000FF
Technomag carXpert,2014,moto2,#0000FF
Tasca Racing Moto2,2014,moto2,#0000FF
QMMF Racing Team,2014,moto2,#0000FF
SAG Team,2014,moto2,#FF8C00
Caterham Moto Racing,2014,moto2,#0000FF
IodaRacing Project,2014,moto2,#9932CC
Pons HP 40,2014,moto2,#FF1493
Interwetten Sitag,2014,moto2,#FF8C00
Promoto Sport,2014,moto2,#0000FF
Brough Superior Racing,2014,moto2,#0000FF
Singha Eneos Yamaha Tech,2014,moto2,#0066CC
AirAsia Caterham Moto Racin,2014,moto2,#0000FF
Moriwaki Racing,2014,moto2,#0000FF
Argentina TSR Motorsport,2014,moto2,#0000FF
SAG Team,2018,moto2,#FF8C00
NTS RW Racing GP,2018,moto2,#4169E1
Italtrans Racing Team,2018,moto2,#074907
Pons HP40,2018,moto2,#FF1493
Federal Oil Gresini Moto2,2018,moto2,#4169E1
SKY Racing Team VR46,2018,moto2,#95A003
Willi Race Racing Team,2018,moto2,#0000FF
Marinelli Snipers Team,2018,moto2,#4682B4
Team Stylobike,2018,moto2,#0000FF
+ Ego Speed Up Racing SPEED,2018,moto2,#DC143C
Tasca Racing Scuderia Moto2,2018,moto2,#0000FF
Swiss Innovative Investors,2018,moto2,#0000FF
Dynavolt Intact GP,2018,moto2,#D1002D
Forward Racing Team,2018,moto2,#4169E1
"EG 0,0 Marc VDS",2018,moto2,#FFD700
Red Bull KTM Ajo,2018,moto2,#FF6600
IDEMITSU Honda Team Asia,2018,moto2,#FF4500
Tech 3 Racing TECH,2018,moto2,#B8500A
Petronas Sprinta Racing,2018,moto2,#0059FF
Kiefer Racing,2018,moto2,#800080
Nashi Argan SAG Team,2018,moto2,#FF8C00
HDR - Speed Up Racing SPEED,2018,moto2,#DC143C
Astra Honda Racing Team,2018,moto2,#FF4500
AGR Team,2018,moto2,#DC143C
SIC Racing Team,2018,moto2,#0000FF
MB Conveyors - Speed Up Racing SPEED,2018,moto2,#DC143C
HDR Heidrun - Speed Up SPEED,2018,moto2,#DC143C
Boost - Speed Up Racing SPEED,2018,moto2,#DC143C
Tickhill Labour and Plant,2018,moto2,#0000FF
MB Conveyors - Speed Up SPEED,2018,moto2,#DC143C
Beta Tools - Speed Up Racing SPEED,2018,moto2,#DC143C
Lightech - Speed Up Racing SPEED,2018,moto2,#DC143C
Promoto Sport,2018,moto2,#0000FF
Yohan Moto Sport TECH,2018,moto2,#0000FF
NGM Mobile Racing,2013,moto2,#1A5232
Technomag carXpert,2013,moto2,#0000FF
Came Iodaracing Project,2013,moto2,#0000FF
Gino Rea Montaze Broz Racin,2013,moto2,#0000FF
Thai Honda PTT Gresini Moto,2013,moto2,#FF4500
Dynavolt Intact GP,2013,moto2,#D1002D
Interwetten Paddock Moto2 R,2013,moto2,#FF8C00
NGM Mobile Forward Racing,2013,moto2,#4169E1
Argiñano & Gines Racing,2013,moto2,#0000FF
Aspar Team Moto2,2013,moto2,#DC143C
Maptaq SAG Zelos Team,2013,moto2,#0000FF
JiR Moto2,2013,moto2,#0000FF
IDEMITSU Honda Team Asia,2013,moto2,#FF4500
Blusens Avintia,2013,moto2,#2F4F4F
Italtrans Racing Team,2013,moto2,#074907
Marc VDS Racing Team,2013,moto2,#FFD700
Tuenti HP 40,2013,moto2,#0000FF
Tech 3,2013,moto2,#B8500A
Federal Oil Gresini Moto2,2013,moto2,#4169E1
QMMF Racing Team,2013,moto2,#0000FF
Desguaces La Torre Maptaq,2013,moto2,#0000FF
Desguaces La Torre SAG,2013,moto2,#0000FF
TSR Motorsports,2013,moto2,#0000FF
Petronas Raceline Malaysia,2013,moto2,#0059FF
Mapfre Aspar Team Moto2,2013,moto2,#DC143C
TSR Motorsport,2013,moto2,#0000FF
TargoBank Motorsport,2013,moto2,#0000FF
Interwetten Paddock Moto2,2013,moto2,#FF8C00
Promoto Sport,2013,moto2,#0000FF
Honda Gresini Moto2,2013,moto2,#FF4500
GP Tech,2013,moto2,#0000FF
Singha Eneos Yamaha Tech3,2013,moto2,#0066CC
Gino Rea Race Team,2013,moto2,#0000FF
Interwetten Paddock,2013,moto2,#FF8C00
Desguaces La Torre Zelos,2013,moto2,#0000FF
Jir Moto2,2013,moto2,#0000FF
Idemitsu Honda Team Asia,2013,moto2,#FF4500
Webike Team Norick NTS,2013,moto2,#8A2BE2
Ducati Team,2013,moto2,#DC143C
LCR Honda MotoGP,2013,moto2,#8B8684
Avintia Blusens,2013,moto2,#2F4F4F
Came IodaRacing Project,2013,moto2,#9932CC
Ignite Pramac Racing,2013,moto2,#F700FF
Power Electronics Aspar,2013,moto2,#DC143C
Cardion AB Motoracing,2013,moto2,#008B8B
GO&FUN Honda Gresini,2013,moto2,#FF4500
Repsol Honda Team,2013,moto2,#FF4500
Energy T.I. Pramac Racing,2013,moto2,#F700FF
Monster Yamaha Tech 3,2013,moto2,#0066CC
Yamaha Factory Racing,2013,moto2,#0066CC
Paul Bird Motorsport,2013,moto2,#696969
Attack Performance Racing,2013,moto2,#FF4500
Liqui Moly Husqvarna Intact GP,2023,moto2,#D1002D
Forward Team,2023,moto2,#4169E1
Correos Prepago Yamaha VR46 Maste,2023,moto2,#0066CC
Fieten Olie Racing GP,2023,moto2,#0000FF
Pons Wegow Los40,2023,moto2,#FF1493
QJMOTOR Gresini Moto2,2023,moto2,#4169E1
Fantic Racing,2023,moto2,#FF69B4
Elf Marc VDS Racing Team,2023,moto2,#FFD700
Italtrans Racing Team,2023,moto2,#074907
+Ego SpeedUp,2023,moto2,#DC143C
Pertamina Mandalika SAG Team,2023,moto2,#FF8C00
OnlyFans American Racing,2023,moto2,#B22222
Inde GASGAS Aspar Team,2023,moto2,#B8500A
IDEMITSU Honda Team Asia,2023,moto2,#FF4500
Red Bull KTM Ajo,2023,moto2,#FF6600
Beta Tools SpeedUp,2023,moto2,#DC143C
Asterius GASGAS Aspar Team,2023,moto2,#B8500A
American Racing,2023,moto2,#B22222
CAG SpeedUp,2023,moto2,#DC143C
Autosolar GASGAS Aspar M2,2023,moto2,#B8500A
Correos Prepago Yamaha VR46 Team,2023,moto2,#0066CC
Tensite GASGAS Aspar Team,2023,moto2,#B8500A
Inde GASGAS Aspar M2,2023,moto2,#B8500A
Petronas MIE Racing RW,2023,moto2,#0059FF
MB Conveyors SpeedUp,2023,moto2,#DC143C
Polar Cube GASGAS Aspar Team,2023,moto2,#B8500A
Autosolar GASGAS Aspar Team,2023,moto2,#B8500A
Solunion GASGAS Aspar Team,2023,moto2,#B8500A
Asterius GASGAS Aspar M2,2023,moto2,#B8500A
GT Trevisan SpeedUp,2023,moto2,#DC143C
Lightech SpeedUp,2023,moto2,#DC143C
Kiefer Racing,2019,moto2,#800080
Italtrans Racing Team,2019,moto2,#074907
FLEXBOX HP 40,2019,moto2,#0000FF
+Ego Speed Up SPEED,2019,moto2,#DC143C
SKY Racing Team VR46,2019,moto2,#95A003
Dynavolt Intact GP,2019,moto2,#D1002D
American Racing KTM,2019,moto2,#FF6600
Sama Qatar Angel Nieto Team,2019,moto2,#0000FF
Honda Team Asia,2019,moto2,#FF4500
Federal Oil Gresini Moto2,2019,moto2,#4169E1
NTS RW Racing GP,2019,moto2,#4169E1
IDEMITSU Honda Team Asia,2019,moto2,#FF4500
Red Bull KTM Ajo,2019,moto2,#FF6600
ONEXOX TKKR SAG Team,2019,moto2,#FF8C00
Petronas Sprinta Racing,2019,moto2,#0059FF
Tasca Racing Scuderia Moto2,2019,moto2,#0000FF
MV Agusta Temporary Forward MV,2019,moto2,#4169E1
Red Bull KTM Tech 3,2019,moto2,#B8500A
"EG 0,0 Marc VDS",2019,moto2,#FFD700
HDR Heidrun Speed Up SPEED,2019,moto2,#DC143C
MV Agusta Idealavoro Forward MV,2019,moto2,#4169E1
Flexbox HP 40,2019,moto2,#0000FF
MB Conveyors Speed Up SPEED,2019,moto2,#DC143C
Inde Angel Nieto Team,2019,moto2,#0000FF
Beta Tools Speed Up SPEED,2019,moto2,#DC143C
Campetella Speed Up SPEED,2019,moto2,#DC143C
Gaviota Angel Nieto Team,2019,moto2,#0000FF
MV Agusta Idealavoro Forward,2019,moto2,#4169E1
monday.com American Racing,2019,moto2,#B22222
Lightech Speed Up SPEED,2019,moto2,#DC143C
American Racing,2022,moto2,#B22222
RW Racing GP,2022,moto2,#4169E1
Elf Marc VDS Racing Team,2022,moto2,#FFD700
Flexbox HP40,2022,moto2,#0000FF
Inde GASGAS Aspar Team,2022,moto2,#B8500A
Gresini Racing Moto2,2022,moto2,#4169E1
Mooney VR46 Racing Team,2022,moto2,#95A003
Italtrans Racing Team,2022,moto2,#074907
Yamaha VR46 Master Camp Team,2022,moto2,#0066CC
+Ego Speed Up,2022,moto2,#DC143C
Liqui Moly Intact GP,2022,moto2,#D1002D
MV Agusta Forward Racing MV,2022,moto2,#4169E1
Pertamina Mandalika SAG Team,2022,moto2,#FF8C00
IDEMITSU Honda Team Asia,2022,moto2,#FF4500
Red Bull KTM Ajo,2022,moto2,#FF6600
Lightech Speed Up,2022,moto2,#DC143C
Pertamina Mandalika SAG,2022,moto2,#FF8C00
Autosolar GASGAS Aspar Team,2022,moto2,#B8500A
Beta Tools Speed Up,2022,moto2,#DC143C
MB Conveyors Speed Up,2022,moto2,#DC143C
CAG Speed Up,2022,moto2,#DC143C
GASGAS Aspar Team,2022,moto2,#B8500A
Petronas MIE Racing RW,2022,moto2,#0059FF
Zinia GASGAS Aspar Team,2022,moto2,#B8500A
Shimoko GASGAS Aspar Team,2022,moto2,#B8500A
"EG 0,0 Marc VDS",2015,moto2,#FFD700
sports-millions-EMWE-SAG,2015,moto2,#0000FF
Forward Racing,2015,moto2,#4169E1
JIR Racing Team,2015,moto2,#0000FF
Ajo Motorsport,2015,moto2,#0000FF
Pons Racing Junior Team,2015,moto2,#FF1493
APH PTT The Pizza SAG,2015,moto2,#0000FF
Dynavolt Intact GP,2015,moto2,#D1002D
Derendinger Racing Interwett,2015,moto2,#0000FF
Federal Oil Gresini Moto2,2015,moto2,#4169E1
Italtrans Racing Team,2015,moto2,#074907
Speed Up Racing,2015,moto2,#DC143C
Tech 3,2015,moto2,#B8500A
IDEMITSU Honda Team Asia,2015,moto2,#FF4500
Paginas Amarillas HP 40,2015,moto2,#0000FF
AGR Team,2015,moto2,#DC143C
Gresini Racing Moto2,2015,moto2,#4169E1
Petronas Raceline Malaysia,2015,moto2,#0059FF
QMMF Racing Team,2015,moto2,#0000FF
E-Motion IodaRacing Team,2015,moto2,#9932CC
Technomag Racing Interwette,2015,moto2,#0000FF
JPMoto Malaysia,2015,moto2,#0000FF
Tasca Racing Scuderia Moto2,2015,moto2,#0000FF
Athinà Forward Racing,2015,moto2,#4169E1
Petronas AHM Malaysia,2015,moto2,#0059FF
Octo Iodaracing Team,2015,moto2,#0000FF
Ciatti,2015,moto2,#0000FF
Promoto Sport,2015,moto2,#0000FF
FAB-Racing,2015,moto2,#0000FF
"Estrella Galicia 0,0 Marc VDS",2015,moto2,#FFD700
Sports-Millions-Emwe-SAG,2015,moto2,#0000FF
JIR Moto2,2015,moto2,#0000FF
Abbink GP,2015,moto2,#0000FF
Gresini Racing,2015,moto2,#4169E1
NTS T.Pro Project,2015,moto2,#8A2BE2
Moriwaki Racing,2015,moto2,#0000FF
Team Ciatti,2015,moto2,#0000FF
Ducati Team,2017,motogp,#DC143C
Monster Yamaha Tech 3,2017,motogp,#0066CC
Reale Avintia Racing,2017,motogp,#2F4F4F
OCTO Pramac Racing,2017,motogp,#F700FF
Pull&Bear Aspar Team,2017,motogp,#DC143C
Aprilia Racing Team Gresini,2017,motogp,#A41DA8
Movistar Yamaha MotoGP,2017,motogp,#0066CC
Repsol Honda Team,2017,motogp,#FF4500
Team SUZUKI ECSTAR,2017,motogp,#FF0000
LCR Honda,2017,motogp,#8B8684
Red Bull KTM Factory Racing,2017,motogp,#FF6600
"EG 0,0 Marc VDS",2017,motogp,#FFD700
Yamalube Yamaha Factory Racing,2017,motogp,#0066CC
Ducati Lenovo Team,2024,motogp,#DC143C
CASTROL Honda LCR,2024,motogp,#8B8684
Repsol Honda Team,2024,motogp,#FF4500
Aprilia Racing,2024,motogp,#A41DA8
Monster Energy Yamaha MotoGP Tea,2024,motogp,#0066CC
Prima Pramac Racing,2024,motogp,#F700FF
Trackhouse Racing,2024,motogp,#2278B2
IDEMITSU Honda LCR,2024,motogp,#8B8684
Red Bull GASGAS Tech3,2024,motogp,#B8500A
Red Bull KTM Factory Racing,2024,motogp,#FF6600
Pertamina Enduro VR46 Racing Team,2024,motogp,#95A003
Gresini Racing MotoGP,2024,motogp,#4169E1
HRC Test Team,2024,motogp,#FF0000
Pertamina Enduro VR46 MotoGP Tea,2024,motogp,#95A003
Yamaha Factory Racing Team,2024,motogp,#0066CC
Yamaha Factory Racing,2024,motogp,#0066CC
Ducati Team,2016,motogp,#DC143C
Aprilia Racing Team Gresini,2016,motogp,#A41DA8
Avintia Racing,2016,motogp,#2F4F4F
OCTO Pramac Yakhnich,2016,motogp,#F700FF
Monster Yamaha Tech 3,2016,motogp,#0066CC
Team SUZUKI ECSTAR,2016,motogp,#FF0000
Repsol Honda Team,2016,motogp,#FF4500
LCR Honda,2016,motogp,#8B8684
"Estrella Galicia 0,0 Marc VDS",2016,motogp,#FFD700
Movistar Yamaha MotoGP,2016,motogp,#0066CC
Pull & Bear Aspar Team,2016,motogp,#DC143C
Aspar Team MotoGP,2016,motogp,#DC143C
Red Bull KTM Factory Racing,2016,motogp,#FF6600
Yamalube Yamaha Factory Racing,2016,motogp,#0066CC
Aprilia Racing,2025,motogp,#A41DA8
CASTROL Honda LCR,2025,motogp,#8B8684
Honda HRC Castrol,2025,motogp,#FF4500
Red Bull KTM Tech3,2025,motogp,#B8500A
Monster Energy Yamaha MotoGP Team,2025,motogp,#0066CC
Pertamina Enduro VR46 Racing Team,2025,motogp,#95A003
Trackhouse MotoGP Team,2025,motogp,#2278B2
Red Bull KTM Factory Racing,2025,motogp,#FF6600
IDEMITSU Honda LCR,2025,motogp,#8B8684
Honda HRC Test Team,2025,motogp,#FF4500
Prima Pramac Yamaha MotoGP,2025,motogp,#0066CC
BK8 Gresini Racing MotoGP,2025,motogp,#4169E1
Ducati Lenovo Team,2025,motogp,#DC143C
Yamaha Factory Racing Team,2025,motogp,#0066CC
Yamaha Factory Racing,2025,motogp,#0066CC
Repsol Honda Team,2012,motogp,#FF4500
Monster Yamaha Tech 3,2012,motogp,#0066CC
NGM Mobile Forward Racing,2012,motogp,#4169E1
LCR Honda MotoGP,2012,motogp,#8B8684
Pramac Racing Team,2012,motogp,#F700FF
Came IodaRacing Project,2012,motogp,#9932CC
Yamaha Factory Racing,2012,motogp,#0066CC
Power Electronics Aspar,2012,motogp,#DC143C
Cardion AB Motoracing,2012,motogp,#008B8B
San Carlo Honda Gresini,2012,motogp,#FF4500
Avintia Blusens,2012,motogp,#2F4F4F
Ducati Team,2012,motogp,#DC143C
Speed Master,2012,motogp,#FF0000
Paul Bird Motorsport,2012,motogp,#696969
Attack Performance,2012,motogp,#FF4500
GPTech,2012,motogp,#FF0000
Yamaha YSP Racing Team,2012,motogp,#0066CC
Petronas Yamaha SRT,2021,motogp,#0066CC
Pramac Racing,2021,motogp,#F700FF
Repsol Honda Team,2021,motogp,#FF4500
Tech 3 KTM Factory Racing,2021,motogp,#B8500A
SKY VR46 Avintia,2021,motogp,#95A003
Aprilia Racing Team Gresini,2021,motogp,#A41DA8
Monster Energy Yamaha MotoGP,2021,motogp,#0066CC
Avintia Esponsorama,2021,motogp,#2F4F4F
LCR Honda IDEMITSU,2021,motogp,#8B8684
Red Bull KTM Factory Racing,2021,motogp,#FF6600
Team SUZUKI ECSTAR,2021,motogp,#FF0000
Ducati Lenovo Team,2021,motogp,#DC143C
LCR Honda CASTROL,2021,motogp,#8B8684
Honda HRC,2021,motogp,#FF4500
SKY VR46 Esponsorama,2021,motogp,#95A003
Esponsorama Racing,2021,motogp,#FF0000
Team Honda HRC,2021,motogp,#FF4500
KTM Factory Racing,2021,motogp,#FF6600
Aprilia Factory Racing,2021,motogp,#A41DA8
Ducati Team,2020,motogp,#DC143C
Esponsorama Racing,2020,motogp,#FF0000
Repsol Honda Team,2020,motogp,#FF4500
Monster Energy Yamaha MotoGP,2020,motogp,#0066CC
Petronas Yamaha SRT,2020,motogp,#0066CC
Red Bull KTM Tech 3,2020,motogp,#B8500A
Aprilia Racing Team Gresini,2020,motogp,#A41DA8
LCR Honda IDEMITSU,2020,motogp,#8B8684
Red Bull KTM Factory Racing,2020,motogp,#FF6600
LCR Honda CASTROL,2020,motogp,#8B8684
Team SUZUKI ECSTAR,2020,motogp,#FF0000
Pramac Racing,2020,motogp,#F700FF
Reale Avintia Racing,2020,motogp,#2F4F4F
Aprilia Factory Racing,2020,motogp,#A41DA8
SUZUKI Test Team,2020,motogp,#FF0000
aha Test Team,2020,motogp,#FF0000
NTS RW Racing GP,2020,motogp,#4169E1
Flexbox HP 40,2020,motogp,#FF0000
Beta Tools Speed Up SPEED,2020,motogp,#DC143C
SKY Racing Team VR46,2020,motogp,#95A003
Federal Oil Gresini Moto2,2020,motogp,#4169E1
Liqui Moly Intact GP,2020,motogp,#D1002D
American Racing,2020,motogp,#B22222
Italtrans Racing Team,2020,motogp,#074907
"EG 0,0 Marc VDS",2020,motogp,#FFD700
MV Agusta Forward Racing MV,2020,motogp,#4169E1
IDEMITSU Honda Team Asia,2020,motogp,#FF4500
Aspar Team SPEED,2020,motogp,#DC143C
Red Bull KTM Ajo,2020,motogp,#FF6600
Onexox TKKR SAG Team,2020,motogp,#FF8C00
Petronas Sprinta Racing,2020,motogp,#0059FF
Drive M7 Aspar,2014,motogp,#DC143C
Ducati Team,2014,motogp,#DC143C
LCR Honda MotoGP,2014,motogp,#8B8684
Avintia Racing,2014,motogp,#2F4F4F
Octo IodaRacing Team,2014,motogp,#9932CC
NGM Forward Racing,2014,motogp,#4169E1
Cardion AB Motoracing,2014,motogp,#008B8B
GO&FUN Honda Gresini,2014,motogp,#FF4500
Paul Bird Motorsport,2014,motogp,#696969
Repsol Honda Team,2014,motogp,#FF4500
Pramac Racing,2014,motogp,#F700FF
Monster Yamaha Tech 3,2014,motogp,#0066CC
Movistar Yamaha MotoGP,2014,motogp,#0066CC
Energy T.I. Pramac Racing,2014,motogp,#F700FF
IodaRacing Project,2014,motogp,#9932CC
Team Suzuki MotoGP,2014,motogp,#0080FF
Emergy T.I. Pramac Racing,2014,motogp,#F700FF
YAMALUBE Racing Team wit,2014,motogp,#FF0000
Ducati Team,2018,motogp,#DC143C
Monster Yamaha Tech 3,2018,motogp,#0066CC
HRC Honda Team,2018,motogp,#FF4500
Alma Pramac Racing,2018,motogp,#F700FF
Reale Avintia Racing,2018,motogp,#2F4F4F
"EG 0,0 Marc VDS",2018,motogp,#FFD700
Angel Nieto Team,2018,motogp,#FF0000
Movistar Yamaha MotoGP,2018,motogp,#0066CC
Repsol Honda Team,2018,motogp,#FF4500
Team SUZUKI ECSTAR,2018,motogp,#FF0000
LCR Honda IDEMITSU,2018,motogp,#8B8684
LCR Honda CASTROL,2018,motogp,#8B8684
Red Bull KTM Factory Racing,2018,motogp,#FF6600
Aprilia Racing Team Gresini,2018,motogp,#A41DA8
Yamalube Yamaha Factory Racing,2018,motogp,#0066CC
Ducati Team,2013,motogp,#DC143C
NGM Mobile Forward Racing,2013,motogp,#4169E1
LCR Honda MotoGP,2013,motogp,#8B8684
Avintia Blusens,2013,motogp,#2F4F4F
Came IodaRacing Project,2013,motogp,#9932CC
Ignite Pramac Racing,2013,motogp,#F700FF
Power Electronics Aspar,2013,motogp,#DC143C
Cardion AB Motoracing,2013,motogp,#008B8B
GO&FUN Honda Gresini,2013,motogp,#FF4500
Repsol Honda Team,2013,motogp,#FF4500
Energy T.I. Pramac Racing,2013,motogp,#F700FF
Monster Yamaha Tech 3,2013,motogp,#0066CC
Yamaha Factory Racing,2013,motogp,#0066CC
Paul Bird Motorsport,2013,motogp,#696969
Ducati Test Team,2013,motogp,#DC143C
Remus Racing Team,2013,motogp,#FF0000
Attack Performance Racing,2013,motogp,#FF4500
Yamaha YSP Racing Team,2013,motogp,#0066CC
GP Tech,2013,motogp,#FF0000
Ducati Lenovo Team,2023,motogp,#DC143C
Prima Pramac Racing,2023,motogp,#F700FF
HRC Team,2023,motogp,#FF0000
LCR Honda CASTROL,2023,motogp,#8B8684
Mooney VR46 Racing Team,2023,motogp,#95A003
Aprilia Racing,2023,motogp,#A41DA8
Monster Energy Yamaha MotoGP,2023,motogp,#0066CC
CryptoDATA RNF MotoGP Team,2023,motogp,#FF0000
Red Bull KTM Factory Racing,2023,motogp,#FF6600
LCR Honda IDEMITSU,2023,motogp,#8B8684
Repsol Honda Team,2023,motogp,#FF4500
GASGAS Factory Racing Tech3,2023,motogp,#B8500A
Gresini Racing MotoGP,2023,motogp,#4169E1
Aruba.it Racing,2023,motogp,#FF0000
Honda Tet Team,2023,motogp,#FF4500
Monster Energy Yamaha MotoGP Tea,2023,motogp,#0066CC
RNF MotoGP Team,2023,motogp,#FF0000
Yamaha Factory,2023,motogp,#0066CC
Tech3 GASGAS Factory Racing,2023,motogp,#B8500A
Liqui Moly Husqvarna Intact GP,2023,motogp,#D1002D
American Racing,2023,motogp,#B22222
Pons Wegow Los40,2023,motogp,#FF1493
QJMOTOR Gresini Moto2,2023,motogp,#4169E1
Fantic Racing,2023,motogp,#FF69B4
Elf Marc VDS Racing Team,2023,motogp,#FFD700
Forward Team,2023,motogp,#4169E1
Correos Prepago Yamaha VR46 Maste,2023,motogp,#0066CC
Pertamina Mandalika SAG Team,2023,motogp,#FF8C00
Autosolar GASGAS Aspar M2,2023,motogp,#B8500A
Red Bull KTM Ajo,2023,motogp,#FF6600
IDEMITSU Honda Team Asia,2023,motogp,#FF4500
Honda Test Team,2023,motogp,#FF4500
Ducati Team,2023,motogp,#DC143C
Yamalube RS4GP Racing Team,2023,motogp,#FF0000
HRC Test Team,2023,motogp,#FF0000
Ducati Team,2019,motogp,#DC143C
Red Bull KTM Factory Racing,2019,motogp,#FF6600
HRC Team,2019,motogp,#FF0000
Monster Energy Yamaha MotoGP,2019,motogp,#0066CC
Reale Avintia Racing,2019,motogp,#2F4F4F
Petronas Yamaha SRT,2019,motogp,#0066CC
Aprilia Racing Team Gresini,2019,motogp,#A41DA8
LCR Honda IDEMITSU,2019,motogp,#8B8684
LCR Honda CASTROL,2019,motogp,#8B8684
Team SUZUKI ECSTAR,2019,motogp,#FF0000
Pramac Racing,2019,motogp,#F700FF
Red Bull KTM Tech 3,2019,motogp,#B8500A
Repsol Honda Team,2019,motogp,#FF4500
Mission Winnow Ducati,2019,motogp,#DC143C
Aprilia Racing Team,2019,motogp,#A41DA8
WithU Yamaha RNF MotoGP Team,2022,motogp,#0066CC
Prima Pramac Racing,2022,motogp,#F700FF
Repsol Honda Team,2022,motogp,#FF4500
Mooney VR46 Racing Team,2022,motogp,#95A003
Aprilia Racing,2022,motogp,#A41DA8
Monster Energy Yamaha MotoGP,2022,motogp,#0066CC
Gresini Racing MotoGP,2022,motogp,#4169E1
Tech3 KTM Factory Racing,2022,motogp,#B8500A
LCR Honda IDEMITSU,2022,motogp,#8B8684
Red Bull KTM Factory Racing,2022,motogp,#FF6600
Team SUZUKI ECSTAR,2022,motogp,#FF0000
Ducati Lenovo Team,2022,motogp,#DC143C
Aruba.it Racing,2022,motogp,#FF0000
LCR Honda CASTROL,2022,motogp,#8B8684
Pramac Racing,2022,motogp,#F700FF
Team HRC,2022,motogp,#FF0000
Pertamina Mandalika SAG Team,2022,motogp,#FF8C00
American Racing,2022,motogp,#B22222
MB Conveyors Speed Up,2022,motogp,#DC143C
RW Racing GP,2022,motogp,#4169E1
Flexbox HP40,2022,motogp,#FF0000
Gresini Racing Moto2,2022,motogp,#4169E1
Elf Marc VDS Racing Team,2022,motogp,#FFD700
Italtrans Racing Team,2022,motogp,#074907
Yamaha VR46 Master Camp Team,2022,motogp,#0066CC
Liqui Moly Intact GP,2022,motogp,#D1002D
MV Agusta Forward Racing MV,2022,motogp,#4169E1
IDEMITSU Honda Team Asia,2022,motogp,#FF4500
Red Bull KTM Ajo,2022,motogp,#FF6600
GASGAS Aspar Team,2022,motogp,#B8500A
Tech 3 KTM Factory Racing,2022,motogp,#B8500A
Aprilia Racing Test Team,2022,motogp,#A41DA8
Yamaha Factory,2022,motogp,#0066CC
Suzuki Test Team,2022,motogp,#0080FF
HRC Team,2022,motogp,#FF0000
Honda Test Team,2022,motogp,#FF4500
KTM Test Team,2022,motogp,#FF6600
Honda Racing Corporation,2022,motogp,#FF4500
VR46 Racing Team,2022,motogp,#95A003
Team Gresini Racing MotoGP,2022,motogp,#4169E1
Ducati Team,2015,motogp,#DC143C
Aprilia Racing Team Gresini,2015,motogp,#A41DA8
Avintia Racing,2015,motogp,#2F4F4F
Octo Pramac Racing,2015,motogp,#F700FF
E-Motion IodaRacing Team,2015,motogp,#9932CC
AB Motoracing,2015,motogp,#FF0000
Team SUZUKI ECSTAR,2015,motogp,#FF0000
Repsol Honda Team,2015,motogp,#FF4500
LCR Honda,2015,motogp,#8B8684
Monster Yamaha Tech 3,2015,motogp,#0066CC
"EG 0,0 Marc VDS",2015,motogp,#FFD700
Movistar Yamaha MotoGP,2015,motogp,#0066CC
Aspar MotoGP Team,2015,motogp,#DC143C
Forward Racing,2015,motogp,#4169E1
Athinà Forward Racing,2015,motogp,#4169E1
CWM LCR Honda,2015,motogp,#8B8684
Pramac Racing,2015,motogp,#F700FF
Octo IodaRacing Team,2015,motogp,#9932CC
Team SUZUKI ECSTAR Moto,2015,motogp,#FF0000
"Estrella Galicia 0,0 Marc VDS",2015,motogp,#FFD700
Yamaha Factory Racing Tea,2015,motogp,#0066CC
Team HRC with Nissin,2015,motogp,#FF0000
